Mfr Part Number (Input),Quantity 1,Mfr Part Number,Mouser Part Number,Manufacturer Name,Description,Unit Price 1 (USD),Price 2 (USD),Price 3 (USD),Order Quantity,Order Unit Price (USD),Price 4 (USD),Price 5 (USD),Min./Mult.,Availability,Lead Time in Days,Lead Time in Weeks,Lifecycle,NCNR,RoHS,Pb Free,Package Type,Package Quantity,Datasheet URL,Product Image,Design Risk,Packaging Choice,Country of Origin,Assembly Country of Origin,Country of Diffusion,Estimated Tariff Price,Estimated Tariff Ext.
200-TSW10807FS,15,TSW-108-07-F-S,200-TSW10807FS,Samtec,Headers & Wire Housings Headers & Wire Housings Classic PCB Header Strips,$0.63,,,15,$0.63,,,1/1,"1,931",14,2,,No,Yes,No,BULK,1,,,Product has high popularity and is readily available.,,Vietnam,,,$0.069,$1.04
200-TSW11007TS,3,TSW-110-07-T-S,200-TSW11007TS,Samtec,Headers & Wire Housings Headers & Wire Housings Classic PCB Header Strips,$0.69,,,3,$0.69,,,1/1,"12,384",14,2,,No,Yes,No,BULK,1,,,Product has high popularity and is readily available.,,Vietnam,,,$0.056,$0.17
200-TSW11807GD,3,TSW-118-07-G-D,200-TSW11807GD,Samtec,Headers & Wire Housings Headers & Wire Housings Classic PCB Header Strips,$3.65,,,3,$3.65,,,1/1,"1,647",1,1,,No,Yes,No,BULK,1,,,Product has high popularity and is readily available.,,Vietnam,,,$0.402,$1.21
200-TSW10807TD,3,TSW-108-07-T-D,200-TSW10807TD,Samtec,Headers & Wire Housings Headers & Wire Housings Classic PCB Header Strips,$0.39,,,3,$0.39,,,1/1,"2,924",1,1,,No,Yes,No,BULK,1,https://suddendocs.samtec.com/prints/tsw-xxx-xx-xxx-x-xx-xxx-mkt.pdf,,Product has high popularity and is readily available.,,Vietnam,,,$0.043,$0.13
200-TSW11007TD,3,TSW-110-07-T-D,200-TSW11007TD,Samtec,Headers & Wire Housings Headers & Wire Housings 2.54MM CLASSIC PCB HDR STRIP,$0.50,,,3,$0.50,,,1/1,"11,198",1,1,,No,Yes,No,BULK,1,https://suddendocs.samtec.com/prints/tsw-xxx-xx-xxx-x-xx-xxx-mkt.pdf,,Product has high popularity and is readily available.,,Vietnam,,,$0.055,$0.17
855-M22-2510505,3,M22-2510505,855-M22-2510505,Harwin,Headers & Wire Housings Headers & Wire Housings M22 5 PIN SIL HOUSING,$0.39,,,3,$0.39,,,1/1,"11,918",102,15,,No,Yes,No,BULK,"1,000",https://www.mouser.com/datasheet/3/71/1/M22_251.pdf,,Product has moderate popularity and is readily available.,,China,,,$0.117,$0.35
855-M22-2510605,3,M22-2510605,855-M22-2510605,Harwin,Headers & Wire Housings Headers & Wire Housings M22 6 PIN SIL HOUSING,$0.44,,,3,$0.44,,,1/1,"3,931",102,15,,No,Yes,No,BULK,"1,000",https://www.mouser.com/datasheet/3/71/1/M22_251.pdf,,Product has moderate popularity and is readily available.,,Taiwan,,,$0.035,$0.11
550-12202,3,NMJ4HCD2,550-12202,Neutrik,Phone Connectors Phone Connectors 2C MONO 2-SPST NC,$2.14,,,3,$2.14,,,1/1,"8,651",23,4,,No,Yes,Yes,,200,https://4donline.ihs.com/images/VipMasterIC/IC/NUAG/NUAG-S-A0000255784/NUAG-S-A0000255840-1.pdf?hkey=CECEF36DEECDED6468708AAF2E19C0C6,,Product has high popularity and is readily available.,,China,China,,$0.214,$0.64
594-MRS25000C3300FCT,6,MRS25000C3300FCT00,594-MRS25000C3300FCT,Vishay,Metal Film Resistors - Through Hole Metal Film Resistors - Through Hole .6watt 330ohms 1%,$0.24,,,6,$0.24,,,1/1,"3,544",98,14,,No,Yes,Yes,AMMO PACK,"5,000",https://www.vishay.com/doc?28724,,Product has high popularity and is readily available.,,India,,,$0.024,$0.14
653-B3F-1050,3,B3F-1050,653-B3F-1050,Aratas,Tactile Switches Tactile Switches 6X6 Proj 7.3mm Btn Force 100g w/o Grd,$0.35,,,3,$0.35,,,1/1,"24,521",180,26,,No,Yes,No,BULK,"1,500",https://www.mouser.com/datasheet/3/39/1/en_b3f.pdf,,Product has high popularity and is readily available.,,Japan,,,$0.027,$0.08
